drop table genre;

drop table AUTHOR;

drop table BOOK;

CREATE TABLE GENRE(
   GENRE_ID     INT                 NOT NULL PRIMARY KEY AUTO_INCREMENT,
   LABEL        VARCHAR (60)        NOT NULL UNIQUE
);

CREATE TABLE AUTHOR(
   AUTHOR_ID    INT                 NOT NULL PRIMARY KEY AUTO_INCREMENT,
   FIRST_NAME   VARCHAR (100)       NOT NULL UNIQUE,
   LAST_NAME    VARCHAR (100)       NOT NULL UNIQUE
);

CREATE TABLE BOOK(
   BOOK_ID      INT                 NOT NULL PRIMARY KEY AUTO_INCREMENT,
   ISBN         VARCHAR (13)        NOT NULL UNIQUE,
   TITLE        VARCHAR (150)       NOT NULL,
   SUMMARY      TEXT                NOT NULL,
   PAGES        INT                 NOT NULL,
   PUBLISHED    DATE                NOT NULL,
   GENRE_ID     INT                 NOT NULL,
   AUTHOR_ID    INT                 NOT NULL,
   FOREIGN KEY (GENRE_ID) references GENRE(GENRE_ID) ON DELETE CASCADE,
   FOREIGN KEY (AUTHOR_ID) references AUTHOR(AUTHOR_ID) ON DELETE CASCADE
);

insert into GENRE (GENRE_ID, LABEL) values
    (1, 'История'),
    (2, 'Разкази и новели'),
    (3, 'Автомобили'),
    (4, 'Туризъм и пътуване'),
    (5, 'Биографии'),
    (6, 'Романи и повести'),
    (7, 'Литература за деца и юноши');


insert into AUTHOR (AUTHOR_ID, FIRST_NAME, LAST_NAME) values
    (1, 'Саймън', 'Дженкинс'),
    (2, 'Николай', 'Ценков'),
    (3, 'Хамиш', 'Макензи'),
    (4, 'Колин', 'Таброн'),
    (5, 'Ели', 'Иванова'),
    (6, 'Питър', 'Хинс'),
    (7, 'Дейвид', 'Мичъл'),
    (8, 'Барбара', 'Тъкман'),
    (9, 'Христо', 'Христов'),
    (10, 'Джоан', 'Роулинг');


insert into GENRE (GENRE_ID, LABEL) values
    (1, 'История'),
    (2, 'Разкази и новели'),
    (3, 'Автомобили'),
    (4, 'Туризъм и пътуване'),
    (5, 'Биографии'),
    (6, 'Романи и повести'),
    (7, 'Литература за деца и юноши');

insert into BOOK (ISBN, TITLE, PAGES, PUBLISHED, GENRE_ID, AUTHOR_ID, SUMMARY) values
    ('9789542828648', 'Кратка история на Европа', 336, '2019-01-01', 1, 1, 'Малцина биха повярвали, че е възможно вековната история на Европа да бъде разказана в един кратък том. Но Саймън Дженкинс се справя блестящо с това предизвикателство със своята ерудиция и умение да отсява най-важното от безбройните възможни истории за разказване.'),
    ('9786190204381', 'Човекът, който продаде морето', 112, '2019-01-01', 2, 2, 'Сборникът събира дванайсет истории, случили се в различно време и на различно място. Повечето от сюжетите са по действителни събития, разказани през гранични човешки ситуации.'),
    ('9789542618904', 'Феноменът Тесла', 320, '2019-01-01', 3, 3, 'Навсякъде по света електромобилите набират все по-голяма популярност, а бизнес магнати влагат баснословни суми в задвижването на глобална електромобилна революция.'),
    ('9786197300673', 'Изгубеното сърце на Азия', 240, '2019-01-01', 4, 4, 'Името Колин Таброн е добре известно на голяма част от читателите. В книгата, която държите, той описва пътуването си през Централна Азия след разпадането на Съветския съюз и документира масовите социални вълнения в разтърсения от политическите промени район. Таброн е вдъхновяващ автор, безстрашен пътешественик и прозорлив наблюдател, а „Изгубеното сърце на Азия“ е изключителен пътеводител за историята, населението и културата на тази обширна територия с богато минало и смутна политика.'),
    ('9789542828907', '52 екопътеки за всеки', 204, '2019-01-01', 4, 5, 'Създателят на блога "Друми в думи" Ели Иванова описва 52 екопътеки в България, които предлагат чудесна възможност за еднодневна екскурзия сред природата, за красиви панорамни гледки, среща с културно-историческото наследство на страната ни, мистични древни руини и мегалити, водопади, прохладни горски кътчета и реки. В книгата са включени десетки красиви снимки от всички краища на България.'),
    ('9786197419146', 'Queen - Извън прожекторите', 213, '2019-01-01', 5, 6, 'Какво ли е да бъдете близо до една от най-великите банди в историята на рока, да ги съпровождате в пътуванията им из цял свят и да сте до тях по време на концертите им в едни от най-добрите и най-големи зали и арени в света, представете си само! На Питър Хинс не му се е налагало да си го представя, защото цяло десетилетие животът му е бил такъв, за какъвто другите хора само мечтаят. Работил е с Queen като ръководител на екипа, отговарящ за организирането на пътуванията по време на турнетата им.'),
    ('9786192430146', 'Часовници от кости', 680, '2019-01-01', 6, 7, 'Рядко се срещат книги, в които умението да разказваш истории и развинтеното въображение вървят ръка за ръка, а когато към тях се добавят насладата от играта с езика и щипка хумор, за читателя остава единствено удоволствието да се качи на това влакче на приключенията, събуждащо спомена за детската тръпка на почуда, боязън и опияняваща радост от живота. Сюрреалистичното пътешествие започва от покрайнините на Лондон от 80-те години на миналия век и стига до завръщащия се – поради липсата на петрол – към Средновековието свят в недалечно бъдеще, с малки отклонения до отдавна разрушен и едновременно с това все още съществуващ манастир в Швейцарските Алпи, днешна Колумбия, каторжническа Австралия, Манхатън и Русия отпреди революцията. Наред с героите от плът и кръв – избягала от дома си петнайсетгодишна тийнейджърка; стипендиант в Кеймбридж, предвкусващ насладите на очакващото го охолство; раздвоен между бащинството и дълга си журналист; тъгуващ по отминалата слава застаряващ писател – се появяват, с намигване, и старите познайници от вселената на Мичъл, атемпоралните, за някои от които хората са само „часовници от кости", отмерващи времето до смъртта. Смело надхвърлящ жанровите ограничения, този майсторски написан роман наистина, както твърди „Вашингтон пост", показва бъдещето на литературата.'),
    ('9786190104391', 'Оръдия през август', 114, '2019-01-01', 1, 8, 'Брилянтен военноисторически труд, който напълно доказва твърдението на Уинстън Чърчил, че първият месец на Първата световна война е бил „ненадмината драма“.'),
    ('9789542829058', 'Погубената България. За съдбата на българския елит след 9 септември 1944 г.', 476, '2019-01-01', 1, 9, '„Погубената България“ е своеобразно продължение на нашето изследване „Бивши хора“, посветено на съдбата на стопанския, политическия, военния и интелектуалния елит на България след 9 септември 1944 г. Огромният интерес към него и обиколките, които предприехме с книгата в страната, ни вдъхновиха и задължиха да продължим. Да изследваме непроучени до момента архиви на репресивния апарат на БКП, да надникнем в регионалните държавни архиви, да се срещаме с наследници на бивши хора, да откриваме спомени за тях и да събираме свидетелства.'),
    ('9789542701514', 'Хари Потър и Даровете на смъртта', 0, '2016-01-01', 7, 10, 'Напускайки „Привит Драйв“ за последен път, Хари знае, че лорд Волдемор и смъртожадните са съвсем близо. Защитната магия, която го е пазила жив досега, е развалена, но той не може да продължи да се крие. Черният лорд е на път да отнеме на Хари всичко, което обича. За да го спре, младият магьосник ще трябва да намери и унищожи оставащите хоркрукси. Последната битка скоро ще започне – а на Хари ще се наложи да се изправи лице в лице със своя най-голям враг…'),
    ('9789544467616', 'Хари Потър и Орденът на феникса', 864, '2016-01-01', 7, 10, 'Мрачни времена настъпват в „Хогуортс“. След атаката на дименторите над братовчед му Дъдли, Хари знае, че Волдемор няма да се спре пред нищо, за да го открие. Мнозина отричат завръщането на Черния лорд, но момчето далеч не е само в своята мисия – таен орден набира съмишленици, които да се опълчат на тъмните сили. Хари ще трябва да позволи на професор Снейп да го обучи да се отбранява от злокобните умствени атаки на Волдемор – а те стават все по-силни всеки ден. Времето му изтича…'),
    ('9789544469306', 'Хари Потър и Нечистокръвния принц', 576, '2016-01-01', 7, 10, 'Когато в една лятна нощ Дъмбълдор пристига на улица „Привит Драйв“, за да вземе Хари със себе си, момчето забелязва, че нещо в директора се е променило. Тайни и подозрения обземат огромна част от магьосническия свят и вече дори „Хогуортс“ не е в безопасност. Хари е убеден, че Малфой е носител на Черния знак – че сред съучениците му има смъртожаден. Момчето ще се нуждае от силна магия и истински приятели, за да разкрие мрачните тайни на Волдемор, докато Дъмбълдор го подготвя да посрещне съдбата си…'),
    ('9789544466213', 'Хари Потър и Огненият бокал', 632, '2016-01-01', 7, 10, 'Тримагическият турнир е на път да се проведе в училището по магия и вълшебство „Хогуортс“ за пръв път от две столетия. Макар участието в състезанието да е позволено единствено за ученици на възраст над седемнадесет години, Хари също мечтае да завоюва вечна слава за себе си и Дома си… докато Огненият бокал не прави своя избор и името му изненадващо не се появява измежду тези на шампионите. Младият магьосник ще трябва да се изправи пред множество застрашаващи живота изпитания – дракони, черни магьосници и непознати светове. Дали ще успее да премине през тях… и да остане жив?');

